TIME,TIME,I(VDD),{V(VDD)*I(VDD)},{-V(VDD)*I(VDD)}
0.00000000e+00,0.00000000e+00,-8.31981007e-12,-9.98377208e-12,9.98377208e-12
5.00000000e-11,5.00000000e-11,-1.62640607e-11,-1.95168728e-11,1.95168728e-11
1.50000000e-10,1.50000000e-10,-1.80797664e-11,-2.16957197e-11,2.16957197e-11
3.50000000e-10,3.50000000e-10,-1.84617220e-11,-2.21540664e-11,2.21540664e-11
7.50000000e-10,7.50000000e-10,-1.81448473e-11,-2.17738168e-11,2.17738168e-11
1.55000000e-09,1.55000000e-09,-1.84274794e-11,-2.21129753e-11,2.21129753e-11
3.15000000e-09,3.15000000e-09,-1.81405277e-11,-2.17686333e-11,2.17686333e-11
3.95000000e-09,3.95000000e-09,-1.82538059e-11,-2.19045670e-11,2.19045670e-11
4.35000000e-09,4.35000000e-09,-3.47348450e-07,-4.16818140e-07,4.16818140e-07
4.75000000e-09,4.75000000e-09,-2.85682009e-06,-3.42818410e-06,3.42818410e-06
4.80611861e-09,4.80611861e-09,-3.42970115e-06,-4.11564138e-06,4.11564138e-06
4.91835583e-09,4.91835583e-09,-4.52844408e-06,-5.43413290e-06,5.43413290e-06
5.03059305e-09,5.03059305e-09,-5.56069878e-06,-6.67283853e-06,6.67283853e-06
5.14283027e-09,5.14283027e-09,-6.00414858e-06,-7.20497830e-06,7.20497830e-06
5.25506749e-09,5.25506749e-09,-4.55040096e-06,-5.46048115e-06,5.46048115e-06
5.35608099e-09,5.35608099e-09,-3.09951987e-06,-3.71942385e-06,3.71942385e-06
5.44699314e-09,5.44699314e-09,-2.03111680e-06,-2.43734016e-06,2.43734016e-06
5.53790529e-09,5.53790529e-09,-1.18770476e-06,-1.42524571e-06,1.42524571e-06
5.62881744e-09,5.62881744e-09,-5.69183400e-07,-6.83020080e-07,6.83020080e-07
5.66975025e-09,5.66975025e-09,-1.54841477e-06,-1.85809773e-06,1.85809773e-06
5.68582623e-09,5.68582623e-09,-3.99494478e-06,-4.79393374e-06,4.79393374e-06
5.70190220e-09,5.70190220e-09,-8.04273595e-06,-9.65128314e-06,9.65128314e-06
5.70604075e-09,5.70604075e-09,-9.41610800e-06,-1.12993296e-05,1.12993296e-05
5.71017930e-09,5.71017930e-09,-1.09219303e-05,-1.31063164e-05,1.31063164e-05
5.71845640e-09,5.71845640e-09,-1.44225015e-05,-1.73070018e-05,1.73070018e-05
5.72673350e-09,5.72673350e-09,-1.86715085e-05,-2.24058102e-05,2.24058102e-05
5.73501059e-09,5.73501059e-09,-2.38332795e-05,-2.85999354e-05,2.85999354e-05
5.74328769e-09,5.74328769e-09,-3.01548368e-05,-3.61858042e-05,3.61858042e-05
5.75156479e-09,5.75156479e-09,-3.80259870e-05,-4.56311844e-05,4.56311844e-05
5.75984189e-09,5.75984189e-09,-4.78994833e-05,-5.74793800e-05,5.74793800e-05
5.76811899e-09,5.76811899e-09,-6.00712871e-05,-7.20855446e-05,7.20855446e-05
5.77639609e-09,5.77639609e-09,-7.47046087e-05,-8.96455305e-05,8.96455305e-05
5.78467319e-09,5.78467319e-09,-9.19591844e-05,-1.10351021e-04,1.10351021e-04
5.79295029e-09,5.79295029e-09,-1.11988827e-04,-1.34386593e-04,1.34386593e-04
5.80122739e-09,5.80122739e-09,-1.15752613e-04,-1.38903136e-04,1.38903136e-04
5.80249742e-09,5.80249742e-09,-1.09596321e-04,-1.31515586e-04,1.31515586e-04
5.80503748e-09,5.80503748e-09,-9.31329954e-05,-1.11759595e-04,1.11759595e-04
5.80757753e-09,5.80757753e-09,-7.45792739e-05,-8.94951286e-05,8.94951286e-05
5.81011759e-09,5.81011759e-09,-5.68087370e-05,-6.81704844e-05,6.81704844e-05
5.81265765e-09,5.81265765e-09,-4.15309074e-05,-4.98370889e-05,4.98370889e-05
5.81519771e-09,5.81519771e-09,-2.93655487e-05,-3.52386585e-05,3.52386585e-05
5.81773777e-09,5.81773777e-09,-2.02071341e-05,-2.42485609e-05,2.42485609e-05
5.82281789e-09,5.82281789e-09,-8.66943954e-06,-1.04033274e-05,1.04033274e-05
5.83297812e-09,5.83297812e-09,-5.06924552e-07,-6.08309463e-07,6.08309463e-07
5.85329860e-09,5.85329860e-09,1.75112089e-07,2.10134506e-07,-2.10134506e-07
5.87014836e-09,5.87014836e-09,-5.59284636e-08,-6.71141564e-08,6.71141564e-08
5.88699812e-09,5.88699812e-09,1.94914047e-08,2.33896856e-08,-2.33896856e-08
5.90384788e-09,5.90384788e-09,-7.12549789e-09,-8.55059747e-09,8.55059747e-09
5.92069764e-09,5.92069764e-09,2.62523624e-09,3.15028349e-09,-3.15028349e-09
5.95439716e-09,5.95439716e-09,-1.68669341e-09,-2.02403209e-09,2.02403209e-09
5.98809668e-09,5.98809668e-09,1.03791468e-09,1.24549761e-09,-1.24549761e-09
6.05549572e-09,6.05549572e-09,-8.62505119e-10,-1.03500614e-09,1.03500614e-09
6.12289476e-09,6.12289476e-09,6.56343548e-10,7.87612257e-10,-7.87612257e-10
6.25769284e-09,6.25769284e-09,-6.22402134e-10,-7.46882561e-10,7.46882561e-10
6.52728901e-09,6.52728901e-09,5.52771279e-10,6.63325535e-10,-6.63325535e-10
7.06648134e-09,7.06648134e-09,-5.74288737e-10,-6.89146485e-10,6.89146485e-10
7.60567366e-09,7.60567366e-09,5.22004477e-10,6.26405372e-10,-6.26405372e-10
8.68405832e-09,8.68405832e-09,-5.51723690e-10,-6.62068427e-10,6.62068427e-10
9.76244297e-09,9.76244297e-09,5.07261754e-10,6.08714105e-10,-6.08714105e-10
1.00000000e-08,1.00000000e-08,-5.12450463e-10,-6.14940556e-10,6.14940556e-10
1.02156769e-08,1.02156769e-08,-2.69486538e-11,-3.23383846e-11,3.23383846e-11
1.06470308e-08,1.06470308e-08,-1.86480248e-11,-2.23776298e-11,2.23776298e-11
1.15097385e-08,1.15097385e-08,-1.85046304e-11,-2.22055565e-11,2.22055565e-11
1.32351540e-08,1.32351540e-08,-1.86480284e-11,-2.23776341e-11,2.23776341e-11
1.66859849e-08,1.66859849e-08,-1.85078415e-11,-2.22094098e-11,2.22094098e-11
2.35876467e-08,2.35876467e-08,-1.86497753e-11,-2.23797303e-11,2.23797303e-11
3.73909703e-08,3.73909703e-08,-1.85097761e-11,-2.22117313e-11,2.22117313e-11
5.00000000e-08,5.00000000e-08,-1.86505139e-11,-2.23806167e-11,2.23806167e-11
5.04000000e-08,5.04000000e-08,-1.85754762e-11,-2.22905714e-11,2.22905714e-11
5.06936412e-08,5.06936412e-08,-1.85742500e-11,-2.22891001e-11,2.22891001e-11
5.12809236e-08,5.12809236e-08,-1.85729151e-11,-2.22874982e-11,2.22874982e-11
5.24554883e-08,5.24554883e-08,-1.85707967e-11,-2.22849560e-11,2.22849560e-11
5.48046178e-08,5.48046178e-08,-1.85599031e-11,-2.22718837e-11,2.22718837e-11
5.59791825e-08,5.59791825e-08,-1.85497647e-11,-2.22597176e-11,2.22597176e-11
5.65664649e-08,5.65664649e-08,-1.85311411e-11,-2.22373693e-11,2.22373693e-11
5.72895141e-08,5.72895141e-08,-2.40108405e-06,-2.88130086e-06,2.88130086e-06
5.75465509e-08,5.75465509e-08,-4.45972490e-06,-5.35166988e-06,5.35166988e-06
5.78035876e-08,5.78035876e-08,-6.88888008e-06,-8.26665609e-06,8.26665609e-06
5.80606244e-08,5.80606244e-08,-9.56012509e-06,-1.14721501e-05,1.14721501e-05
5.80939127e-08,5.80939127e-08,-9.79254735e-06,-1.17510568e-05,1.17510568e-05
5.81604894e-08,5.81604894e-08,-9.99186527e-06,-1.19902383e-05,1.19902383e-05
5.82270661e-08,5.82270661e-08,-9.64561585e-06,-1.15747390e-05,1.15747390e-05
5.82936428e-08,5.82936428e-08,-8.61895320e-06,-1.03427438e-05,1.03427438e-05
5.83602195e-08,5.83602195e-08,-7.55046666e-06,-9.06055999e-06,9.06055999e-06
5.84267961e-08,5.84267961e-08,-6.55266321e-06,-7.86319585e-06,7.86319585e-06
5.84933728e-08,5.84933728e-08,-5.62554444e-06,-6.75065333e-06,6.75065333e-06
5.85599495e-08,5.85599495e-08,-4.76910878e-06,-5.72293053e-06,5.72293053e-06
5.86265262e-08,5.86265262e-08,-3.98335779e-06,-4.78002935e-06,4.78002935e-06
5.86931029e-08,5.86931029e-08,-3.26828990e-06,-3.92194788e-06,3.92194788e-06
5.87596796e-08,5.87596796e-08,-1.04379048e-05,-1.25254857e-05,1.25254857e-05
5.87656566e-08,5.87656566e-08,-1.20476980e-05,-1.44572376e-05,1.44572376e-05
5.87776107e-08,5.87776107e-08,-1.57840873e-05,-1.89409048e-05,1.89409048e-05
5.87895648e-08,5.87895648e-08,-2.02528231e-05,-2.43033877e-05,2.43033877e-05
5.88015189e-08,5.88015189e-08,-2.54855612e-05,-3.05826735e-05,3.05826735e-05
5.88134730e-08,5.88134730e-08,-3.15143279e-05,-3.78171935e-05,3.78171935e-05
5.88254270e-08,5.88254270e-08,-3.83715129e-05,-4.60458154e-05,4.60458154e-05
5.88373811e-08,5.88373811e-08,-4.60898639e-05,-5.53078367e-05,5.53078367e-05
5.88493352e-08,5.88493352e-08,-5.48016763e-05,-6.57620116e-05,6.57620116e-05
5.88612893e-08,5.88612893e-08,-6.48187598e-05,-7.77825117e-05,7.77825117e-05
5.88732434e-08,5.88732434e-08,-7.62165084e-05,-9.14598100e-05,9.14598100e-05
5.88851975e-08,5.88851975e-08,-8.93309680e-05,-1.07197162e-04,1.07197162e-04
5.88971516e-08,5.88971516e-08,-1.03854216e-04,-1.24625060e-04,1.24625060e-04
5.88985097e-08,5.88985097e-08,-1.05162026e-04,-1.26194431e-04,1.26194431e-04
5.88998679e-08,5.88998679e-08,-1.06912045e-04,-1.28294454e-04,1.28294454e-04
5.89025843e-08,5.89025843e-08,-1.10480425e-04,-1.32576510e-04,1.32576510e-04
5.89053006e-08,5.89053006e-08,-1.14133887e-04,-1.36960664e-04,1.36960664e-04
5.89080170e-08,5.89080170e-08,-1.17873615e-04,-1.41448338e-04,1.41448338e-04
5.89107334e-08,5.89107334e-08,-1.18944146e-04,-1.42732975e-04,1.42732975e-04
5.89134497e-08,5.89134497e-08,-1.14172793e-04,-1.37007352e-04,1.37007352e-04
5.89161661e-08,5.89161661e-08,-1.04627081e-04,-1.25552497e-04,1.25552497e-04
5.89188824e-08,5.89188824e-08,-9.22159803e-05,-1.10659176e-04,1.10659176e-04
5.89215988e-08,5.89215988e-08,-7.89748150e-05,-9.47697781e-05,9.47697781e-05
5.89243152e-08,5.89243152e-08,-6.65077106e-05,-7.98092528e-05,7.98092528e-05
5.89270315e-08,5.89270315e-08,-5.57673027e-05,-6.69207633e-05,6.69207633e-05
5.89297479e-08,5.89297479e-08,-4.71158368e-05,-5.65390042e-05,5.65390042e-05
5.89324643e-08,5.89324643e-08,-4.05133122e-05,-4.86159746e-05,4.86159746e-05
5.89351806e-08,5.89351806e-08,-3.57090773e-05,-4.28508927e-05,4.28508927e-05
5.89378970e-08,5.89378970e-08,-3.23888738e-05,-3.88666486e-05,3.88666486e-05
5.89406133e-08,5.89406133e-08,-3.02479607e-05,-3.62975528e-05,3.62975528e-05
5.89433297e-08,5.89433297e-08,-2.90128008e-05,-3.48153609e-05,3.48153609e-05
5.89460461e-08,5.89460461e-08,-2.84576467e-05,-3.41491760e-05,3.41491760e-05
5.89487624e-08,5.89487624e-08,-2.84090149e-05,-3.40908179e-05,3.40908179e-05
5.89514788e-08,5.89514788e-08,-2.87399270e-05,-3.44879124e-05,3.44879124e-05
5.89569115e-08,5.89569115e-08,-3.01906760e-05,-3.62288112e-05,3.62288112e-05
5.89623442e-08,5.89623442e-08,-3.24398358e-05,-3.89278030e-05,3.89278030e-05
5.89677769e-08,5.89677769e-08,-3.53120648e-05,-4.23744777e-05,4.23744777e-05
5.89732097e-08,5.89732097e-08,-3.87950213e-05,-4.65540256e-05,4.65540256e-05
5.89786424e-08,5.89786424e-08,-4.29809284e-05,-5.15771141e-05,5.15771141e-05
5.89840751e-08,5.89840751e-08,-4.79690689e-05,-5.75628827e-05,5.75628827e-05
5.89895078e-08,5.89895078e-08,-5.37894345e-05,-6.45473214e-05,6.45473214e-05
5.89949405e-08,5.89949405e-08,-6.04464301e-05,-7.25357161e-05,7.25357161e-05
5.90003733e-08,5.90003733e-08,-6.79504197e-05,-8.15405037e-05,8.15405037e-05
5.90058060e-08,5.90058060e-08,-7.63149773e-05,-9.15779728e-05,9.15779728e-05
5.90112387e-08,5.90112387e-08,-8.55553381e-05,-1.02666406e-04,1.02666406e-04
5.90166714e-08,5.90166714e-08,-9.56877007e-05,-1.14825241e-04,1.14825241e-04
5.90221042e-08,5.90221042e-08,-1.06728866e-04,-1.28074640e-04,1.28074640e-04
5.90275369e-08,5.90275369e-08,-1.09146189e-04,-1.30975427e-04,1.30975427e-04
5.90287587e-08,5.90287587e-08,-1.05549690e-04,-1.26659627e-04,1.26659627e-04
5.90312022e-08,5.90312022e-08,-9.44967369e-05,-1.13396084e-04,1.13396084e-04
5.90360894e-08,5.90360894e-08,-6.55203113e-05,-7.86243736e-05,7.86243736e-05
5.90409766e-08,5.90409766e-08,-3.90263903e-05,-4.68316684e-05,4.68316684e-05
5.90458637e-08,5.90458637e-08,-2.11575050e-05,-2.53890060e-05,2.53890060e-05
5.90507509e-08,5.90507509e-08,-1.10656808e-05,-1.32788169e-05,1.32788169e-05
5.90556380e-08,5.90556380e-08,-5.95016146e-06,-7.14019375e-06,7.14019375e-06
5.90654124e-08,5.90654124e-08,-2.10841961e-06,-2.53010353e-06,2.53010353e-06
5.90751867e-08,5.90751867e-08,-1.60024154e-06,-1.92028984e-06,1.92028984e-06
5.90947353e-08,5.90947353e-08,-1.32926461e-06,-1.59511753e-06,1.59511753e-06
5.91142840e-08,5.91142840e-08,-1.13196524e-06,-1.35835829e-06,1.35835829e-06
5.91338326e-08,5.91338326e-08,-9.50725526e-07,-1.14087063e-06,1.14087063e-06
5.91533813e-08,5.91533813e-08,-7.98759614e-07,-9.58511537e-07,9.58511537e-07
5.91729299e-08,5.91729299e-08,-6.64959892e-07,-7.97951871e-07,7.97951871e-07
5.92120272e-08,5.92120272e-08,-4.50613889e-07,-5.40736667e-07,5.40736667e-07
5.92511245e-08,5.92511245e-08,-2.95856759e-07,-3.55028111e-07,3.55028111e-07
5.93293190e-08,5.93293190e-08,-1.40916408e-07,-1.69099690e-07,1.69099690e-07
5.94075136e-08,5.94075136e-08,-1.02269092e-07,-1.22722910e-07,1.22722910e-07
5.95639027e-08,5.95639027e-08,-6.09627222e-08,-7.31552666e-08,7.31552666e-08
5.97202919e-08,5.97202919e-08,-4.02775202e-08,-4.83330242e-08,4.83330242e-08
6.00330701e-08,6.00330701e-08,-2.13197512e-08,-2.55837014e-08,2.55837014e-08
6.06586267e-08,6.06586267e-08,-8.38227735e-09,-1.00587328e-08,1.00587328e-08
6.19097398e-08,6.19097398e-08,-2.83689528e-09,-3.40427434e-09,3.40427434e-09
6.31608528e-08,6.31608528e-08,-1.29036373e-09,-1.54843648e-09,1.54843648e-09
6.56630790e-08,6.56630790e-08,-6.89276423e-10,-8.27131708e-10,8.27131708e-10
6.60000000e-08,6.60000000e-08,-8.60147979e-10,-1.03217758e-09,1.03217758e-09
6.63369210e-08,6.63369210e-08,-8.48962598e-10,-1.01875512e-09,1.01875512e-09
6.70107630e-08,6.70107630e-08,-6.62580291e-10,-7.95096350e-10,7.95096350e-10
6.83584469e-08,6.83584469e-08,-4.11774720e-10,-4.94129664e-10,4.94129664e-10
7.10538149e-08,7.10538149e-08,-2.03485483e-10,-2.44182580e-10,2.44182580e-10
7.64445508e-08,7.64445508e-08,-9.08996809e-11,-1.09079617e-10,1.09079617e-10
8.72260225e-08,8.72260225e-08,-5.00818254e-11,-6.00981904e-11,6.00981904e-11
9.00000000e-08,9.00000000e-08,-4.10680575e-11,-4.92816690e-11,4.92816690e-11
9.03750000e-08,9.03750000e-08,-4.35072336e-11,-5.22086803e-11,5.22086803e-11
9.06502886e-08,9.06502886e-08,-4.32599910e-11,-5.19119892e-11,5.19119892e-11
9.12008658e-08,9.12008658e-08,-4.27261937e-11,-5.12714324e-11,5.12714324e-11
9.23020203e-08,9.23020203e-08,-4.17361066e-11,-5.00833279e-11,5.00833279e-11
9.45043291e-08,9.45043291e-08,-4.00234903e-11,-4.80281884e-11,4.80281884e-11
9.56054836e-08,9.56054836e-08,-3.93019935e-11,-4.71623922e-11,4.71623922e-11
9.61560608e-08,9.61560608e-08,-3.89487416e-11,-4.67384899e-11,4.67384899e-11
9.68974910e-08,9.68974910e-08,-1.92396639e-06,-2.30875967e-06,2.30875967e-06
9.71424657e-08,9.71424657e-08,-3.35721133e-06,-4.02865360e-06,4.02865360e-06
9.73874404e-08,9.73874404e-08,-4.95353350e-06,-5.94424020e-06,5.94424020e-06
9.76324151e-08,9.76324151e-08,-6.46062974e-06,-7.75275569e-06,7.75275569e-06
9.76670656e-08,9.76670656e-08,-6.49954234e-06,-7.79945080e-06,7.79945080e-06
9.77363667e-08,9.77363667e-08,-6.19860127e-06,-7.43832153e-06,7.43832153e-06
9.78056677e-08,9.78056677e-08,-5.39032368e-06,-6.46838841e-06,6.46838841e-06
9.78749687e-08,9.78749687e-08,-4.63396374e-06,-5.56075649e-06,5.56075649e-06
9.79442697e-08,9.79442697e-08,-3.92330742e-06,-4.70796890e-06,4.70796890e-06
9.80135708e-08,9.80135708e-08,-3.28313285e-06,-3.93975942e-06,3.93975942e-06
9.80828718e-08,9.80828718e-08,-2.68866188e-06,-3.22639426e-06,3.22639426e-06
9.81521728e-08,9.81521728e-08,-2.16467268e-06,-2.59760721e-06,2.59760721e-06
9.82214739e-08,9.82214739e-08,-1.68638708e-06,-2.02366449e-06,2.02366449e-06
9.82907749e-08,9.82907749e-08,-1.27858323e-06,-1.53429988e-06,1.53429988e-06
9.83600759e-08,9.83600759e-08,-6.51926866e-06,-7.82312239e-06,7.82312239e-06
9.83823931e-08,9.83823931e-08,-1.26140438e-05,-1.51368525e-05,1.51368525e-05
9.83926935e-08,9.83926935e-08,-1.64307124e-05,-1.97168549e-05,1.97168549e-05
9.84029939e-08,9.84029939e-08,-2.09830228e-05,-2.51796274e-05,2.51796274e-05
9.84235947e-08,9.84235947e-08,-3.37073247e-05,-4.04487897e-05,4.04487897e-05
9.84414434e-08,9.84414434e-08,-5.06889489e-05,-6.08267387e-05,6.08267387e-05
9.84572059e-08,9.84572059e-08,-7.21118368e-05,-8.65342042e-05,8.65342042e-05
9.84713921e-08,9.84713921e-08,-9.71408578e-05,-1.16569029e-04,1.16569029e-04
9.84837641e-08,9.84837641e-08,-1.23761828e-04,-1.48514193e-04,1.48514193e-04
9.84853656e-08,9.84853656e-08,-1.27562052e-04,-1.53074462e-04,1.53074462e-04
9.84869671e-08,9.84869671e-08,-1.31431248e-04,-1.57717498e-04,1.57717498e-04
9.84901700e-08,9.84901700e-08,-1.39411678e-04,-1.67294014e-04,1.67294014e-04
9.84933730e-08,9.84933730e-08,-1.47708804e-04,-1.77250564e-04,1.77250564e-04
9.84965760e-08,9.84965760e-08,-1.47958130e-04,-1.77549756e-04,1.77549756e-04
9.85029819e-08,9.85029819e-08,-1.11016363e-04,-1.33219636e-04,1.33219636e-04
9.85080846e-08,9.85080846e-08,-7.02721314e-05,-8.43265576e-05,8.43265576e-05
9.85126769e-08,9.85126769e-08,-4.26272949e-05,-5.11527539e-05,5.11527539e-05
9.85172693e-08,9.85172693e-08,-2.56369422e-05,-3.07643306e-05,3.07643306e-05
9.85218616e-08,9.85218616e-08,-1.62440723e-05,-1.94928867e-05,1.94928867e-05
9.85310464e-08,9.85310464e-08,-7.97504663e-06,-9.57005596e-06,9.57005596e-06
9.85402311e-08,9.85402311e-08,-5.66640319e-06,-6.79968382e-06,6.79968382e-06
9.85586005e-08,9.85586005e-08,-3.52867007e-06,-4.23440408e-06,4.23440408e-06
9.85751330e-08,9.85751330e-08,-2.58142155e-06,-3.09770586e-06,3.09770586e-06
9.85916655e-08,9.85916655e-08,-1.94547665e-06,-2.33457198e-06,2.33457198e-06
9.86081980e-08,9.86081980e-08,-1.52960758e-06,-1.83552910e-06,1.83552910e-06
9.86412631e-08,9.86412631e-08,-9.95276994e-07,-1.19433239e-06,1.19433239e-06
9.86743281e-08,9.86743281e-08,-6.94216541e-07,-8.33059850e-07,8.33059850e-07
9.87404581e-08,9.87404581e-08,-3.75834038e-07,-4.51000846e-07,4.51000846e-07
9.88065881e-08,9.88065881e-08,-2.46947549e-07,-2.96337059e-07,2.96337059e-07
9.89388481e-08,9.89388481e-08,-1.24028230e-07,-1.48833876e-07,1.48833876e-07
9.90711081e-08,9.90711081e-08,-7.81722604e-08,-9.38067125e-08,9.38067125e-08
9.93356281e-08,9.93356281e-08,-3.51924371e-08,-4.22309245e-08,4.22309245e-08
9.96001482e-08,9.96001482e-08,-2.27854337e-08,-2.73425204e-08,2.73425204e-08
1.00129188e-07,1.00129188e-07,-8.64704512e-09,-1.03764541e-08,1.03764541e-08
1.00658228e-07,1.00658228e-07,-6.88187557e-09,-8.25825068e-09,8.25825068e-09
1.01716308e-07,1.01716308e-07,-1.42839115e-09,-1.71406938e-09,1.71406938e-09
1.03832469e-07,1.03832469e-07,-2.04702043e-09,-2.45642451e-09,2.45642451e-09
1.05000000e-07,1.05000000e-07,4.80384159e-10,5.76460991e-10,-5.76460991e-10
1.05423232e-07,1.05423232e-07,-5.68593281e-10,-6.82311938e-10,6.82311938e-10
1.06269696e-07,1.06269696e-07,-4.81466246e-10,-5.77759495e-10,5.77759495e-10
1.07962624e-07,1.07962624e-07,-3.40115431e-10,-4.08138517e-10,4.08138517e-10
1.11348481e-07,1.11348481e-07,-1.98902999e-10,-2.38683599e-10,2.38683599e-10
1.18120194e-07,1.18120194e-07,-1.04493166e-10,-1.25391799e-10,1.25391799e-10
1.30000000e-07,1.30000000e-07,-5.61650032e-11,-6.73980038e-11,6.73980038e-11
1.30338586e-07,1.30338586e-07,-5.75137534e-11,-6.90165041e-11,6.90165041e-11
1.30600166e-07,1.30600166e-07,-5.71415550e-11,-6.85698660e-11,6.85698660e-11
1.31123325e-07,1.31123325e-07,-5.63759378e-11,-6.76511254e-11,6.76511254e-11
1.32169645e-07,1.32169645e-07,-5.49380929e-11,-6.59257115e-11,6.59257115e-11
1.34262284e-07,1.34262284e-07,-5.23946616e-11,-6.28735939e-11,6.28735939e-11
1.35308604e-07,1.35308604e-07,-5.12963091e-11,-6.15555710e-11,6.15555710e-11
1.36649285e-07,1.36649285e-07,-4.00707916e-07,-4.80849500e-07,4.80849500e-07
1.36984455e-07,1.36984455e-07,-1.23622927e-06,-1.48347513e-06,1.48347513e-06
1.37319625e-07,1.37319625e-07,-2.40050116e-06,-2.88060139e-06,2.88060139e-06
1.37654795e-07,1.37654795e-07,-3.52209079e-06,-4.22650895e-06,4.22650895e-06
1.37686355e-07,1.37686355e-07,-3.41471905e-06,-4.09766286e-06,4.09766286e-06
1.37749473e-07,1.37749473e-07,-3.02723650e-06,-3.63268380e-06,3.63268380e-06
1.37812591e-07,1.37812591e-07,-2.65734637e-06,-3.18881565e-06,3.18881565e-06
1.37875709e-07,1.37875709e-07,-2.31154619e-06,-2.77385543e-06,2.77385543e-06
1.37938827e-07,1.37938827e-07,-1.98984537e-06,-2.38781444e-06,2.38781444e-06
1.38001945e-07,1.38001945e-07,-1.69223450e-06,-2.03068140e-06,2.03068140e-06
1.38065063e-07,1.38065063e-07,-1.41872299e-06,-1.70246759e-06,1.70246759e-06
1.38128182e-07,1.38128182e-07,-1.16930142e-06,-1.40316171e-06,1.40316171e-06
1.38191300e-07,1.38191300e-07,-1.84164758e-06,-2.20997709e-06,2.20997709e-06
1.38200726e-07,1.38200726e-07,-2.82570288e-06,-3.39084346e-06,3.39084346e-06
1.38219578e-07,1.38219578e-07,-5.99008282e-06,-7.18809939e-06,7.18809939e-06
1.38257283e-07,1.38257283e-07,-1.76057132e-05,-2.11268559e-05,2.11268559e-05
1.38262320e-07,1.38262320e-07,-1.97424226e-05,-2.36909071e-05,2.36909071e-05
1.38267356e-07,1.38267356e-07,-2.20163137e-05,-2.64195764e-05,2.64195764e-05
1.38277430e-07,1.38277430e-07,-2.70072897e-05,-3.24087476e-05,3.24087476e-05
1.38287503e-07,1.38287503e-07,-3.26067379e-05,-3.91280854e-05,3.91280854e-05
1.38297576e-07,1.38297576e-07,-3.88358741e-05,-4.66030489e-05,4.66030489e-05
1.38307649e-07,1.38307649e-07,-4.57161129e-05,-5.48593355e-05,5.48593355e-05
1.38317723e-07,1.38317723e-07,-5.32690644e-05,-6.39228773e-05,6.39228773e-05
1.38327796e-07,1.38327796e-07,-6.15165309e-05,-7.38198371e-05,7.38198371e-05
1.38337869e-07,1.38337869e-07,-7.04805043e-05,-8.45766052e-05,8.45766052e-05
1.38347942e-07,1.38347942e-07,-8.01831627e-05,-9.62197953e-05,9.62197953e-05
1.38358016e-07,1.38358016e-07,-9.06508000e-05,-1.08780960e-04,1.08780960e-04
1.38359776e-07,1.38359776e-07,-9.25637337e-05,-1.11076480e-04,1.11076480e-04
1.38361537e-07,1.38361537e-07,-9.44989120e-05,-1.13398694e-04,1.13398694e-04
1.38365058e-07,1.38365058e-07,-9.84443332e-05,-1.18133200e-04,1.18133200e-04
1.38368579e-07,1.38368579e-07,-1.02464251e-04,-1.22957101e-04,1.22957101e-04
1.38372101e-07,1.38372101e-07,-1.06598771e-04,-1.27918525e-04,1.27918525e-04
1.38375622e-07,1.38375622e-07,-1.10832910e-04,-1.32999492e-04,1.32999492e-04
1.38379143e-07,1.38379143e-07,-1.12597223e-04,-1.35116668e-04,1.35116668e-04
1.38382664e-07,1.38382664e-07,-1.04705517e-04,-1.25646620e-04,1.25646620e-04
1.38386186e-07,1.38386186e-07,-8.92817401e-05,-1.07138088e-04,1.07138088e-04
1.38389355e-07,1.38389355e-07,-7.26578287e-05,-8.71893944e-05,8.71893944e-05
1.38392207e-07,1.38392207e-07,-5.80712914e-05,-6.96855497e-05,6.96855497e-05
1.38395059e-07,1.38395059e-07,-4.52569911e-05,-5.43083893e-05,5.43083893e-05
1.38397911e-07,1.38397911e-07,-3.47632898e-05,-4.17159477e-05,4.17159477e-05
1.38400763e-07,1.38400763e-07,-2.65836573e-05,-3.19003888e-05,3.19003888e-05
1.38401743e-07,1.38401743e-07,-2.43998914e-05,-2.92798697e-05,2.92798697e-05
1.38403703e-07,1.38403703e-07,-2.03889939e-05,-2.44667927e-05,2.44667927e-05
1.38405662e-07,1.38405662e-07,-1.71383256e-05,-2.05659908e-05,2.05659908e-05
1.38407622e-07,1.38407622e-07,-1.45264636e-05,-1.74317563e-05,1.74317563e-05
1.38409582e-07,1.38409582e-07,-1.24412522e-05,-1.49295027e-05,1.49295027e-05
1.38411541e-07,1.38411541e-07,-1.07818084e-05,-1.29381701e-05,1.29381701e-05
1.38413501e-07,1.38413501e-07,-9.46155524e-06,-1.13538663e-05,1.13538663e-05
1.38415460e-07,1.38415460e-07,-8.40860018e-06,-1.00903202e-05,1.00903202e-05
1.38419380e-07,1.38419380e-07,-6.86512078e-06,-8.23814493e-06,8.23814493e-06
1.38423299e-07,1.38423299e-07,-5.85002190e-06,-7.02002628e-06,7.02002628e-06
1.38427218e-07,1.38427218e-07,-5.14865210e-06,-6.17838252e-06,6.17838252e-06
1.38431137e-07,1.38431137e-07,-4.63548684e-06,-5.56258421e-06,5.56258421e-06
1.38435056e-07,1.38435056e-07,-4.23828917e-06,-5.08594700e-06,5.08594700e-06
1.38438976e-07,1.38438976e-07,-3.91562179e-06,-4.69874615e-06,4.69874615e-06
1.38446814e-07,1.38446814e-07,-3.40358745e-06,-4.08430494e-06,4.08430494e-06
1.38462491e-07,1.38462491e-07,-2.68053268e-06,-3.21663921e-06,3.21663921e-06
1.38493844e-07,1.38493844e-07,-1.80152281e-06,-2.16182738e-06,2.16182738e-06
1.38522062e-07,1.38522062e-07,-1.33737743e-06,-1.60485292e-06,1.60485292e-06
1.38550280e-07,1.38550280e-07,-1.00966833e-06,-1.21160200e-06,1.21160200e-06
1.38578499e-07,1.38578499e-07,-7.74678150e-07,-9.29613780e-07,9.29613780e-07
1.38606717e-07,1.38606717e-07,-5.93750395e-07,-7.12500474e-07,7.12500474e-07
1.38634935e-07,1.38634935e-07,-4.55939475e-07,-5.47127370e-07,5.47127370e-07
1.38691371e-07,1.38691371e-07,-2.68289753e-07,-3.21947703e-07,3.21947703e-07
1.38747808e-07,1.38747808e-07,-1.76198999e-07,-2.11438798e-07,2.11438798e-07
1.38860680e-07,1.38860680e-07,-1.06645014e-07,-1.27974017e-07,1.27974017e-07
1.38973553e-07,1.38973553e-07,-7.27461442e-08,-8.72953730e-08,8.72953730e-08
1.39199298e-07,1.39199298e-07,-3.83313312e-08,-4.59975974e-08,4.59975974e-08
1.39650789e-07,1.39650789e-07,-1.62379375e-08,-1.94855250e-08,1.94855250e-08
1.40553770e-07,1.40553770e-07,-4.74303568e-09,-5.69164281e-09,5.69164281e-09
1.41456751e-07,1.41456751e-07,-3.06200449e-09,-3.67440539e-09,3.67440539e-09
1.43262713e-07,1.43262713e-07,-6.56178387e-10,-7.87414064e-10,7.87414064e-10
1.45000000e-07,1.45000000e-07,-1.44304705e-09,-1.73165646e-09,1.73165646e-09
1.45361192e-07,1.45361192e-07,-8.78163017e-10,-1.05379562e-09,1.05379562e-09
1.46083577e-07,1.46083577e-07,-6.71175978e-10,-8.05411173e-10,8.05411173e-10
1.47528347e-07,1.47528347e-07,-4.07033805e-10,-4.88440566e-10,4.88440566e-10
1.50417886e-07,1.50417886e-07,-1.98070993e-10,-2.37685192e-10,2.37685192e-10
1.56196965e-07,1.56196965e-07,-8.95903099e-11,-1.07508372e-10,1.07508372e-10
1.65000000e-07,1.65000000e-07,-5.61658866e-11,-6.73990640e-11,6.73990640e-11
1.65305679e-07,1.65305679e-07,-4.84862175e-11,-5.81834610e-11,5.81834610e-11
1.65548722e-07,1.65548722e-07,-5.84548347e-11,-7.01458016e-11,7.01458016e-11
1.66034807e-07,1.66034807e-07,-5.77968117e-11,-6.93561741e-11,6.93561741e-11
1.67006977e-07,1.67006977e-07,-5.56918845e-11,-6.68302614e-11,6.68302614e-11
1.68951317e-07,1.68951317e-07,-5.29633842e-11,-6.35560610e-11,6.35560610e-11
1.69923487e-07,1.69923487e-07,-5.15668456e-11,-6.18802147e-11,6.18802147e-11
1.70409572e-07,1.70409572e-07,-5.09800489e-11,-6.11760587e-11,6.11760587e-11
1.71381742e-07,1.71381742e-07,-2.62472339e-07,-3.14966807e-07,3.14966807e-07
1.71624785e-07,1.71624785e-07,-2.12385779e-06,-2.54862935e-06,2.54862935e-06
1.71717848e-07,1.71717848e-07,-3.30953966e-06,-3.97144760e-06,3.97144760e-06
1.71810911e-07,1.71810911e-07,-4.75712319e-06,-5.70854783e-06,5.70854783e-06
1.71997038e-07,1.71997038e-07,-8.43799513e-06,-1.01255942e-05,1.01255942e-05
1.72164552e-07,1.72164552e-07,-1.26464834e-05,-1.51757801e-05,1.51757801e-05
1.72315314e-07,1.72315314e-07,-1.71596426e-05,-2.05915712e-05,2.05915712e-05
1.72451000e-07,1.72451000e-07,-2.18091570e-05,-2.61709884e-05,2.61709884e-05
1.72573118e-07,1.72573118e-07,-2.64697334e-05,-3.17636800e-05,3.17636800e-05
1.72695235e-07,1.72695235e-07,-2.86420216e-05,-3.43704259e-05,3.43704259e-05
1.72708893e-07,1.72708893e-07,-2.66168720e-05,-3.19402465e-05,3.19402465e-05
1.72736209e-07,1.72736209e-07,-2.12592660e-05,-2.55111193e-05,2.55111193e-05
1.72763525e-07,1.72763525e-07,-1.62498048e-05,-1.94997657e-05,1.94997657e-05
1.72790841e-07,1.72790841e-07,-1.26476647e-05,-1.51771977e-05,1.51771977e-05
1.72818157e-07,1.72818157e-07,-1.04634934e-05,-1.25561921e-05,1.25561921e-05
1.72872789e-07,1.72872789e-07,-8.67245061e-06,-1.04069407e-05,1.04069407e-05
1.72927421e-07,1.72927421e-07,-8.65388794e-06,-1.03846655e-05,1.03846655e-05
1.72982053e-07,1.72982053e-07,-9.09898282e-06,-1.09187794e-05,1.09187794e-05
1.73036685e-07,1.73036685e-07,-9.65793591e-06,-1.15895231e-05,1.15895231e-05
1.73091317e-07,1.73091317e-07,-1.02534506e-05,-1.23041407e-05,1.23041407e-05
1.73145949e-07,1.73145949e-07,-1.08702738e-05,-1.30443286e-05,1.30443286e-05
1.73200581e-07,1.73200581e-07,-1.15056587e-05,-1.38067905e-05,1.38067905e-05
1.73255212e-07,1.73255212e-07,-1.21719218e-05,-1.46063062e-05,1.46063062e-05
1.73264859e-07,1.73264859e-07,-1.23038178e-05,-1.47645813e-05,1.47645813e-05
1.73284151e-07,1.73284151e-07,-1.26313570e-05,-1.51576285e-05,1.51576285e-05
1.73322736e-07,1.73322736e-07,-1.44225707e-05,-1.73070848e-05,1.73070848e-05
1.73328136e-07,1.73328136e-07,-1.47050471e-05,-1.76460565e-05,1.76460565e-05
1.73333537e-07,1.73333537e-07,-1.48848260e-05,-1.78617913e-05,1.78617913e-05
1.73344338e-07,1.73344338e-07,-1.47088581e-05,-1.76506297e-05,1.76506297e-05
1.73355138e-07,1.73355138e-07,-1.38066577e-05,-1.65679892e-05,1.65679892e-05
1.73365939e-07,1.73365939e-07,-1.35392761e-05,-1.62471313e-05,1.62471313e-05
1.73376740e-07,1.73376740e-07,-1.36780610e-05,-1.64136732e-05,1.64136732e-05
1.73387541e-07,1.73387541e-07,-1.38165332e-05,-1.65798399e-05,1.65798399e-05
1.73398342e-07,1.73398342e-07,-1.39573244e-05,-1.67487892e-05,1.67487892e-05
1.73409143e-07,1.73409143e-07,-1.40972078e-05,-1.69166493e-05,1.69166493e-05
1.73419943e-07,1.73419943e-07,-1.86391212e-05,-2.23669454e-05,2.23669454e-05
1.73421639e-07,1.73421639e-07,-2.21638726e-05,-2.65966471e-05,2.65966471e-05
1.73425030e-07,1.73425030e-07,-3.21374986e-05,-3.85649983e-05,3.85649983e-05
1.73428422e-07,1.73428422e-07,-4.56923043e-05,-5.48307651e-05,5.48307651e-05
1.73431813e-07,1.73431813e-07,-6.25101281e-05,-7.50121537e-05,7.50121537e-05
1.73435204e-07,1.73435204e-07,-8.24378585e-05,-9.89254302e-05,9.89254302e-05
1.73438595e-07,1.73438595e-07,-1.05398332e-04,-1.26477998e-04,1.26477998e-04
1.73441987e-07,1.73441987e-07,-1.31186883e-04,-1.57424259e-04,1.57424259e-04
1.73445378e-07,1.73445378e-07,-1.59341562e-04,-1.91209874e-04,1.91209874e-04
1.73448769e-07,1.73448769e-07,-1.89144734e-04,-2.26973681e-04,2.26973681e-04
1.73452160e-07,1.73452160e-07,-2.19714041e-04,-2.63656849e-04,2.63656849e-04
1.73455552e-07,1.73455552e-07,-2.50128308e-04,-3.00153970e-04,3.00153970e-04
1.73458943e-07,1.73458943e-07,-2.47522064e-04,-2.97026477e-04,2.97026477e-04
1.73459579e-07,1.73459579e-07,-2.39927481e-04,-2.87912978e-04,2.87912978e-04
1.73460852e-07,1.73460852e-07,-2.19646508e-04,-2.63575809e-04,2.63575809e-04
1.73463398e-07,1.73463398e-07,-1.69053744e-04,-2.02864492e-04,2.02864492e-04
1.73465944e-07,1.73465944e-07,-1.19398015e-04,-1.43277618e-04,1.43277618e-04
1.73468490e-07,1.73468490e-07,-8.04326834e-05,-9.65192201e-05,9.65192201e-05
1.73471036e-07,1.73471036e-07,-5.37895465e-05,-6.45474558e-05,6.45474558e-05
1.73473582e-07,1.73473582e-07,-3.71162145e-05,-4.45394575e-05,4.45394575e-05
1.73476128e-07,1.73476128e-07,-2.72746808e-05,-3.27296170e-05,3.27296170e-05
1.73481220e-07,1.73481220e-07,-1.81408656e-05,-2.17690387e-05,2.17690387e-05
1.73486312e-07,1.73486312e-07,-1.58423143e-05,-1.90107772e-05,1.90107772e-05
1.73491404e-07,1.73491404e-07,-1.53515138e-05,-1.84218166e-05,1.84218166e-05
1.73501588e-07,1.73501588e-07,-1.51946613e-05,-1.82335936e-05,1.82335936e-05
1.73511772e-07,1.73511772e-07,-1.45304221e-05,-1.74365065e-05,1.74365065e-05
1.73521956e-07,1.73521956e-07,-1.31754397e-05,-1.58105276e-05,1.58105276e-05
1.73542324e-07,1.73542324e-07,-9.51748342e-06,-1.14209801e-05,1.14209801e-05
1.73562692e-07,1.73562692e-07,-6.04578831e-06,-7.25494597e-06,7.25494597e-06
1.73583060e-07,1.73583060e-07,-3.60009292e-06,-4.32011150e-06,4.32011150e-06
1.73603428e-07,1.73603428e-07,-2.13355418e-06,-2.56026502e-06,2.56026502e-06
1.73644164e-07,1.73644164e-07,-8.08204020e-07,-9.69844824e-07,9.69844824e-07
1.73684900e-07,1.73684900e-07,-4.76738522e-07,-5.72086226e-07,5.72086226e-07
1.73766372e-07,1.73766372e-07,-2.81517084e-07,-3.37820500e-07,3.37820500e-07
1.73847844e-07,1.73847844e-07,-2.09021874e-07,-2.50826248e-07,2.50826248e-07
1.74010787e-07,1.74010787e-07,-1.17405663e-07,-1.40886796e-07,1.40886796e-07
1.74336675e-07,1.74336675e-07,-5.34709005e-08,-6.41650806e-08,6.41650806e-08
1.74988450e-07,1.74988450e-07,-1.74192856e-08,-2.09031427e-08,2.09031427e-08
1.75640225e-07,1.75640225e-07,-1.03145556e-08,-1.23774668e-08,1.23774668e-08
1.76943774e-07,1.76943774e-07,-3.13506369e-09,-3.76207643e-09,3.76207643e-09
1.78247324e-07,1.78247324e-07,-2.89106074e-09,-3.46927289e-09,3.46927289e-09
1.80000000e-07,1.80000000e-07,-4.40219595e-10,-5.28263514e-10,5.28263514e-10
1.80260710e-07,1.80260710e-07,-1.11424689e-09,-1.33709627e-09,1.33709627e-09
1.80782130e-07,1.80782130e-07,-1.00336359e-09,-1.20403630e-09,1.20403630e-09
1.81824970e-07,1.81824970e-07,-7.87420081e-10,-9.44904098e-10,9.44904098e-10
1.83910649e-07,1.83910649e-07,-5.20839822e-10,-6.25007786e-10,6.25007786e-10
1.88082009e-07,1.88082009e-07,-2.82114736e-10,-3.38537683e-10,3.38537683e-10
1.96424727e-07,1.96424727e-07,-1.21903975e-10,-1.46284770e-10,1.46284770e-10
2.13110165e-07,2.13110165e-07,-4.09715890e-11,-4.91659068e-11,4.91659068e-11
2.38110165e-07,2.38110165e-07,-4.32629819e-11,-5.19155782e-11,5.19155782e-11
2.50000000e-07,2.50000000e-07,-4.19007577e-11,-5.02809092e-11,5.02809092e-11
